response_id,ticket_id,score,nps_score,comment,responded_at
1,1024,5,10,Dịch vụ rất tốt và nhân viên nhiệt tình,2026-08-01 10:15:00
2,1025,4,8,Thời gian sửa chữa đúng hẹn,2026-08-01 11:30:00
3,1026,1,2,Máy sửa xong vẫn bị lỗi pin như cũ,2026-08-02 09:20:00
4,1027,5,9,Kỹ thuật viên tư vấn rõ ràng,2026-08-02 14:45:00
5,1028,2,4,Hẹn trễ 2 ngày và không thông báo trước,2026-08-03 16:10:00
6,1029,4,8,Tạm ổn,2026-08-03 17:00:00
7,1030,3,7,Chờ tiếp nhận máy hơi lâu,2026-08-04 08:50:00
8,1031,5,10,Rất hài lòng,2026-08-04 11:15:00
9,1032,1,0,Thái độ nhân viên không tốt,2026-08-05 13:40:00
10,1033,4,8,Sửa nhanh,2026-08-05 15:25:00